作品セグメント名,期,対象年月,売上_円,総売上原価_円,作品利益_円,作品利益率
,61,202203,0,0,-174398,
,62,202303,0,-311785,311785,
,63,202403,10397534,0,10397534,1.0
,65,202603,0,32786660,-32786660,
2038A40002,65,202603,31880000,31112000,768000,0.0241
2038A40003,65,202603,3175316,634524,551792,0.1738
2038A40007,65,202603,4513000,1751455,2761545,0.6119
2038A40009,65,202603,32910659,9689557,23221102,0.7056
2038A40011,65,202603,6735861,4908167,1827694,0.2713
2038A40014,65,202603,71321566,42119595,26760265,0.3752
2038A40015,65,202603,17015288,7955190,9060098,0.5325
2038A40016,65,202603,8645150,6899878,-1323064,-0.153
2038A40019,62,202303,4580172,706900,3873272,0.8457
2038A40019,63,202403,1243471,310868,932603,0.75
2038A40019,65,202603,664045,171417,492628,0.7419
6兄弟THE LIVEin博品館(出資),61,202203,11022102,8185089,2559740,0.2322
6兄弟THE LIVEin博品館(出資),62,202303,23301634,15983445,7318189,0.3141
6兄弟THE LIVEin博品館(出資),63,202403,0,-30000,30000,
6兄弟THE LIVEin博品館(出資),65,202603,13516120,10462688,2038214,0.1508
6兄弟THE LIVE地方(PKG),61,202203,585250,77500,507750,0.8676
6兄弟THE LIVE地方(PKG),62,202303,3842908,576432,1666849,0.4337
6兄弟THE LIVE地方(PKG),63,202403,97547161,59538295,37708866,0.3866
6兄弟THE LIVE地方(PKG),65,202603,2368400,2312076,56324,0.0238
IP製作グループ,61,202203,0,50229617,-50394297,
IP製作グループ,62,202303,0,49547143,-49809575,
IP製作グループ,63,202403,0,57930771,-58116245,
IP製作グループ,65,202603,0,45002594,-45002594,
LSS,61,202203,58435090,34564670,-64362500,-1.1014
LSS,62,202303,61973370,35387144,-82739232,-1.3351
LSS,63,202403,83162668,58047304,-85160502,-1.024
LSS,65,202603,9791180,69569200,-203691089,-20.8035
New Gen.THE LIVE(PKG),62,202303,1150000,591690,558310,0.4855
New Gen.THE LIVE(PKG),63,202403,22783714,17949875,4833839,0.2122
New Gen.THE LIVE(PKG),65,202603,0,100000,-100000,
New Gen.THE LIVE(出資),61,202203,32503900,26750937,2436645,0.075
New Gen.THE LIVE(出資),62,202303,60925798,67020781,-6094983,-0.1
New Gen.THE LIVE(出資),63,202403,39702145,32946580,4865761,0.1226
New Gen.THE LIVE(出資),65,202603,59414791,45237042,14177749,0.2386
TDGTHE LIVEin博品館(出資),61,202203,11472120,8621073,2851047,0.2485
TDGTHE LIVEin博品館(出資),63,202403,14040560,10299658,3740902,0.2664
TSUBURAYA CONVENTION2023,63,202403,14200000,9588591,4611409,0.3247
TSUBURAYA CONVENTION2023〈TDCホール〉,63,202403,63601574,46467128,17134446,0.2694
TSUBURAYA CONVENTION2023〈プリズムホール〉,63,202403,44310044,39300589,5009455,0.1131
TSUBURAYA CONVENTION2023〈東京ドームホテル〉,63,202403,59557467,50964527,8592940,0.1443
TSUBURAYA CONVENTION2023〈配信〉,63,202403,117273,4982511,-4865238,-41.4864
TSUBURAYA GALAXY,61,202203,1413598,1860013,-446415,-0.3158
TSUBURAYA imagination,61,202203,235829140,236171115,-341975,-0.0015
TSUBURAYA imagination,62,202303,430826988,417928905,12898083,0.0299
TSUBURAYA imagination,63,202403,378607923,330036997,48570926,0.1283
TSUBURAYA imagination,65,202603,310175868,155227506,154948362,0.4996
TSUBURAYAEXHIBITION企画展示or博展,61,202203,26147147,24999044,852233,0.0326
TSUBURAYAEXHIBITION企画展示or博展,62,202303,14810349,16122331,-1357960,-0.0917
TSUBURAYAEXHIBITION企画展示or博展,63,202403,14027623,13337328,690295,0.0492
ULTRAMAN EXHIBITION,65,202603,0,0,-1125467,
【その他】上映・カラオケ他,61,202203,6618805,674758,5944047,0.8981
【その他】上映・カラオケ他,62,202303,558730560,12223091,546507469,0.9781
【その他】上映・カラオケ他,63,202403,105462592,18300437,71068730,0.6739
【その他】上映・カラオケ他,65,202603,26415636,10178281,-48446143,-1.834
【ビデオグラム】ロイヤリティ,61,202203,1978604,1107594,871010,0.4402
【ビデオグラム】ロイヤリティ,62,202303,585326,309945,275381,0.4705
【ビデオグラム】ロイヤリティ,63,202403,230576,112061,118515,0.514
【ビデオグラム】ロイヤリティ,65,202603,43204,20287,22917,0.5304
【ビデオグラム】ロイヤルティ,61,202203,72358981,30642888,41716093,0.5765
【ビデオグラム】ロイヤルティ,62,202303,37182374,12327635,24854739,0.6685
【ビデオグラム】ロイヤルティ,63,202403,35768282,11676594,24091688,0.6735
【ビデオグラム】ロイヤルティ,65,202603,24571847,13683254,10888593,0.4431
【ビデオグラム】円谷発売元　その他,61,202203,17644689,7145675,8074663,0.4576
【ビデオグラム】円谷発売元　その他,62,202303,194822611,173047100,18370742,0.0943
【ビデオグラム】円谷発売元　その他,63,202403,104245798,57729690,41009692,0.3934
【ビデオグラム】円谷発売元　その他,65,202603,9313440,5352232,-2023231,-0.2172
【ビデオグラム】円谷発売元　バンビ,61,202203,22800000,5287988,8133564,0.3567
【ビデオグラム】円谷発売元　バンビ,62,202303,13980000,3823717,-951574,-0.0681
【ビデオグラム】円谷発売元　バンビ,63,202403,10750000,2959699,-4340288,-0.4037
【ビデオグラム】円谷発売元　バンビ,65,202603,14075000,3555804,-219162,-0.0156
【ビデオグラム】円谷発売元　東映ビデオ,61,202203,9359000,1532507,6848855,0.7318
【ビデオグラム】円谷発売元　東映ビデオ,62,202303,7409000,1131658,5329509,0.7193
【ビデオグラム】円谷発売元　東映ビデオ,63,202403,8600000,1398207,6410015,0.7454
【ビデオグラム】円谷発売元　東映ビデオ,65,202603,10599000,1619062,8593678,0.8108
【ビデオグラム】円谷発売元　ﾎﾟﾆｷｬﾝ,61,202203,9452243,1979377,48450,0.0051
【ビデオグラム】円谷発売元　ﾎﾟﾆｷｬﾝ,62,202303,22412400,4832330,11289545,0.5037
【ビデオグラム】円谷発売元　ﾎﾟﾆｷｬﾝ,63,202403,60283200,46713529,6360128,0.1055
【ビデオグラム】円谷発売元　ﾎﾟﾆｷｬﾝ,65,202603,16689600,3663641,5362160,0.3213
【ビデオグラム】制作系・その他,61,202203,2470000,1054940,1415060,0.5729
【ビデオグラム】制作系・その他,62,202303,2570000,1467723,1102277,0.4289
【ビデオグラム】制作系・その他,63,202403,1220000,584600,635400,0.5208
【ビデオグラム】制作系・その他,65,202603,3010000,0,3010000,1.0
【上映】上映会,62,202303,6636363,6013444,622919,0.0939
【番販】HD番販,61,202203,60000000,2224000,57776000,0.9629
【番販】HD番販,65,202603,4000000,160000,3840000,0.96
【番販】レギュラー,61,202203,7477000,3351484,4125516,0.5518
【番販】レギュラー,62,202303,10854000,3469785,7384215,0.6803
【番販】レギュラー,63,202403,9467000,3911678,5555322,0.5868
【番販】レギュラー,65,202603,3413000,795963,2617037,0.7668
【番販】単発企画・その他,61,202203,11566930,6384376,5182554,0.448
【番販】単発企画・その他,62,202303,28440905,12197385,16243520,0.5711
【番販】単発企画・その他,63,202403,9684565,5308893,4375672,0.4518
【番販】単発企画・その他,65,202603,409842,16394,393448,0.96
【配信】SVOD,61,202203,1701497,177718,1523779,0.8956
【配信】SVOD,62,202303,866233,88964,777269,0.8973
【配信】SVOD,63,202403,980523,100698,879825,0.8973
【配信】SVOD,65,202603,380811,39113,341698,0.8973
【配信】TVOD,61,202203,117429,9653,107776,0.9178
【配信】TVOD,62,202303,10716,787,9929,0.9266
【配信】TVOD,63,202403,8428,811,7617,0.9038
【配信】TVOD,65,202603,1980,206,1774,0.896
【配信】その他,62,202303,46356176,1307626,45048550,0.9718
【配信】その他,63,202403,76784944,215811,76569133,0.9972
【配信】その他,65,202603,69216577,251254,68965323,0.9964
【配信】レベニューシェア,61,202203,25525519,12437292,13088227,0.5128
【配信】レベニューシェア,62,202303,29843776,9496732,20347044,0.6818
【配信】レベニューシェア,63,202403,30142126,11751135,18390991,0.6101
【配信】レベニューシェア,65,202603,23538768,5015045,18523723,0.7869
【配信】広告,61,202203,40670330,3288792,37381538,0.9191
【配信】広告,62,202303,40183414,1701802,38481612,0.9576
【配信】広告,63,202403,32348996,1645172,30703824,0.9491
【配信】広告,65,202603,42065662,1472299,40593363,0.965
【配信】買取,61,202203,90045199,49951433,40093766,0.4453
【配信】買取,62,202303,147899275,47718534,100180741,0.6774
【配信】買取,63,202403,193928352,66876638,126987442,0.6548
【配信】買取,65,202603,114824321,41943723,72880598,0.6347
かいじゅうSTEPコスチュームパペットリース,61,202203,6358890,1234045,5124845,0.8059
かいじゅうSTEPコスチュームパペットリース,62,202303,1830500,95701,1734799,0.9477
かいじゅうSTEPコスチュームパペットリース,63,202403,1699300,235450,1463850,0.8614
かいじゅうSTEP単発PKG,61,202203,4388460,1967773,2420687,0.5516
かいじゅうSTEP単発PKG,62,202303,12470182,5822857,6597429,0.5291
かいじゅうSTEP単発PKG,63,202403,6934927,2862726,4072201,0.5872
かいじゅうSTEP単発PKG,65,202603,1356081,511075,845006,0.6231
その他,61,202203,377270,50366,-186777,-0.4951
その他,62,202303,187790,22656,63494,0.3381
その他,63,202403,0,0,-101640,
その他,65,202603,2676794,2555035,20119,0.0075
その他有料公演,61,202203,1462000,789983,672017,0.4597
その他有料公演,62,202303,3664538,1754181,1336870,0.3648
その他有料公演,63,202403,860000,274897,585103,0.6804
アジア事業部,65,202603,212422988,99542923,112880065,0.5314
アセットマネジメントグループ,61,202203,13328367,8148789,5179578,0.3886
アセットマネジメントグループ,62,202303,13708678,7810711,5897967,0.4302
アセットマネジメントグループ,63,202403,15569591,8633981,6935610,0.4455
アセットマネジメントグループ,65,202603,9764455,11577900,-1813445,-0.1857
イベント限定グッズ,61,202203,0,482790,-538345,
イベント限定グッズ,62,202303,0,55555,-55555,
ウルトラごサイン,65,202603,1394408,457674,936734,0.6718
ウルトラマン基金,62,202303,0,0,-723958,
ウルトラマン基金,63,202403,0,0,-2935355,
ウルフェス池袋SS,61,202203,167940490,158460534,7278539,0.0433
ウルフェス池袋SS,62,202303,230437404,181259408,46167087,0.2003
ウルフェス池袋SS,63,202403,288434219,183199228,102694991,0.356
ウルフェス池袋SS,65,202603,271656910,189896035,78189796,0.2878
オフィシャルショップ,61,202203,39026910,17703174,21323736,0.5464
オフィシャルショップ,62,202303,39318166,18509323,20808843,0.5292
オフィシャルショップ,63,202403,42455335,22438889,20016446,0.4715
オフィシャルショップ,65,202603,34575840,17351625,17224215,0.4982
カード事業本部,65,202603,105715669,410778974,-369458741,-3.4948
グローバルライブ事業部,65,202603,418336218,153167015,189572947,0.4532
コスチュームリース,61,202203,35118832,10504284,24614548,0.7009
コスチュームリース,62,202303,49366923,13793782,35573141,0.7206
コスチュームリース,63,202403,68537888,17409184,51128704,0.746
コスチュームリース,65,202603,64395806,15842559,48553247,0.754
コーポレートセールス,61,202203,244253882,42925474,196828408,0.8058
コーポレートセールス,62,202303,283080526,21075816,262004710,0.9255
コーポレートセールス,63,202403,230528483,11420678,219107805,0.9505
コーポレートセールス,65,202603,219109866,625426,218484440,0.9971
コーポレートセールス室,61,202203,0,0,-200000,
コーポレートセールス室,62,202303,0,0,50000,
ツブコン,62,202303,0,0,-4896000,
ツブコン,63,202403,0,-1805000,1805000,
ツブコン,65,202603,196683949,167469760,29214189,0.1485
ディストリビューション,61,202203,-93907730,-93679256,-228474,0.0024
ディストリビューション,62,202303,-165842250,-165760427,-81823,0.0005
ディストリビューション,63,202403,-130476971,-130157833,-319138,0.0024
ディストリビューション,65,202603,-88572549,-87274220,-1298329,0.0147
デジタル企画,61,202203,3326999,4337458,-1136035,-0.3415
デジタル企画,62,202303,2618091,3113292,-495201,-0.1891
デジタル企画,63,202403,572860,2857445,-2284585,-3.988
デジタル企画,65,202603,14000000,0,14000000,1.0
ホテルパーティー,61,202203,2200300,420564,1779736,0.8089
ホテルパーティー,62,202303,420000,0,420000,1.0
ホテルパーティー,63,202403,4463652,2862861,1600791,0.3586
ホテルパーティー,65,202603,3791354,2168438,1592916,0.4201
ライセンス,61,202203,681103615,36570159,644533456,0.9463
ライセンス,62,202303,728818629,40077500,678685699,0.9312
ライセンス,63,202403,812444923,60704311,751740612,0.9253
ライセンス,65,202603,640648019,61095956,579382063,0.9044
ライブエンタテインメント,61,202203,-754345,-3754345,3000000,-3.977
ライブエンタテインメント,62,202303,-95701,-95701,0,-0.0
ライブエンタテインメント,63,202403,-185450,-185450,0,-0.0
ライブエンタテインメント,65,202603,0,0,-21600,
ライブエンタテインメントグループ,62,202303,0,0,-1197211,
ライブエンタテインメントグループ,63,202403,0,30139,-30139,
リテール（カード）,65,202603,618092584,134628263,348603166,0.564
リテール（越境EC）,65,202603,10895587,3515249,7380338,0.6774
ローカライゼーション室,65,202603,0,4953989,-4953989,
中国事業管理室,65,202603,2928986043,79916945,2849069098,0.9727
企画展示 その他,61,202203,26181050,11665375,11033259,0.4214
企画展示 その他,62,202303,55697319,37262621,14719681,0.2643
企画展示 その他,63,202403,140231150,91806787,47648389,0.3398
企画展示 その他,65,202603,196062159,164749284,30374237,0.1549
円谷英二展,61,202203,15565009,11629858,3935151,0.2528
出資金償却,61,202203,1200000,800000,400000,0.3333
出資金償却,62,202303,2400000,1600000,800000,0.3333
単発PKG,61,202203,22139890,8974594,13165296,0.5946
単発PKG,62,202303,27596885,12806063,14790822,0.536
単発PKG,63,202403,32890027,13016357,16082250,0.489
単発PKG,65,202603,32904203,16444146,16460057,0.5002
印税収入JASRAC,61,202203,32000452,15424603,16575849,0.518
印税収入JASRAC,62,202303,42534012,17956689,24577323,0.5778
印税収入JASRAC,63,202403,28132071,11618776,16513295,0.587
印税収入JASRAC,65,202603,33192853,12878499,20314354,0.612
印税収入MPA,61,202203,91064,0,91064,1.0
印税収入MPA,62,202303,123703,16080,107623,0.87
印税収入MPA,63,202403,114384,14869,99515,0.87
印税収入MPA,65,202603,35356,4768,30588,0.8651
印税収入iTunes,61,202203,1403785,20374,1383411,0.9855
印税収入iTunes,62,202303,1337837,18561,1319276,0.9861
印税収入iTunes,63,202403,4047889,117134,3930755,0.9711
印税収入iTunes,65,202603,2948844,8732,2940112,0.997
印税収入一般,61,202203,1197720,0,1197720,1.0
印税収入一般,62,202303,5327776,230736,5097040,0.9567
印税収入一般,63,202403,9716387,24264,9692123,0.9975
印税収入一般,65,202603,10171971,0,10171971,1.0
印税収入音事協,61,202203,147282,12249,135033,0.9168
印税収入音事協,62,202303,261040,26055,234985,0.9002
印税収入音事協,63,202403,200225,19934,180291,0.9004
印税収入音事協,65,202603,296140,29489,266651,0.9004
商品企画室,61,202203,228938880,137582652,47241915,0.2064
商品企画室,62,202303,322523313,184912137,83662952,0.2594
商品企画室,63,202403,495169292,295482593,134020179,0.2707
商品企画室,65,202603,526097116,257165129,135055043,0.2567
戦略プロジェクト,63,202403,0,27433590,-27433590,
戦略ﾌﾟﾛｼﾞｪｸﾄ,65,202603,-124857200,228575558,-353432758,2.8307
本社共通,61,202203,-245870000,26054758,-271924758,1.106
本社共通,62,202303,-263788670,518689682,-782478352,2.9663
本社共通,63,202403,-276143000,327402036,-603545036,2.1856
欧米事業部,65,202603,36774361,37009382,-235021,-0.0064
海外事業本部,65,202603,10324876,-62129620,72454496,7.0175
海外事業部,61,202203,2324819512,255479673,2049772342,0.8817
海外事業部,62,202303,6234780236,309122222,5909836598,0.9479
海外事業部,63,202403,5476195424,169437891,5220468202,0.9533
海外事業部,65,202603,-68140,-1762994,1694854,-24.8731
社内受注,61,202203,33342355,7742829,17852699,0.5354
社内受注,62,202303,35289667,24528089,-6907202,-0.1957
社内受注,63,202403,45284216,21270768,2478752,0.0547
社内受注,65,202603,67473679,23234565,28555188,0.4232
福島県・須賀川市,61,202203,25863274,14671248,11192026,0.4327
福島県・須賀川市,62,202303,33074910,17040233,15988691,0.4834
福島県・須賀川市,63,202403,20266198,10485530,9780668,0.4826
福島県・須賀川市,65,202603,24528043,13609707,10918336,0.4451
製作ｸﾞﾙｰﾌﾟ,61,202203,900395095,880541713,-326794404,-0.3629
製作ｸﾞﾙｰﾌﾟ,62,202303,873021787,883526956,-480495120,-0.5504
製作ｸﾞﾙｰﾌﾟ,63,202403,905266789,905679546,-547167957,-0.6044
製作ｸﾞﾙｰﾌﾟ,65,202603,1075075315,950397602,-767560751,-0.714
音楽事業部,61,202203,3816715,6135445,-3109548,-0.8147
音楽事業部,62,202303,1808282,2862488,-8312606,-4.597
音楽事業部,63,202403,1754253,7267476,-17864520,-10.1835
音楽事業部,65,202603,4432938,15259099,-28901193,-6.5196
ｳﾙﾄﾗﾋｰﾛｰｽﾞ THELIVE(PKG),65,202603,982043,507981,90499,0.0922
ｳﾙﾄﾗﾋｰﾛｰｽﾞ THELIVE(出資),65,202603,34281332,26383974,7248971,0.2115
ﾃﾞｨｽﾄﾘﾋﾞｭｰｼｮﾝ,65,202603,0,0,-3769000,
ﾋｰﾛｰｽﾞEXPONGW (PKG)他,61,202203,1711211,751481,959730,0.5608
ﾋｰﾛｰｽﾞEXPONGW (PKG)他,63,202403,10971958,7921556,3050402,0.278
ﾋｰﾛｰｽﾞEXPONGW (PKG)他,65,202603,20126683,8663723,11462960,0.5695
ﾋｰﾛｰｽﾞEXPONGW (出資)ソラマチ,61,202203,3820847,4369350,-548503,-0.1436
ﾋｰﾛｰｽﾞEXPONGW (出資)ソラマチ,63,202403,15394238,7436234,7958004,0.5169
ﾋｰﾛｰｽﾞEXPONGW (出資)ソラマチ,65,202603,20197078,9596184,10600894,0.5249
ﾋｰﾛｰｽﾞEXPOニューイヤーフェス,61,202203,97350191,76378854,20941337,0.2151
ﾋｰﾛｰｽﾞEXPOニューイヤーフェス,62,202303,116550013,89418508,27131505,0.2328
ﾋｰﾛｰｽﾞEXPOニューイヤーフェス,63,202403,124206408,92751328,31455080,0.2532
ﾋｰﾛｰｽﾞEXPOニューイヤーフェス,65,202603,167257117,116685767,50571350,0.3024
ﾋｰﾛｰｽﾞEXPOニューイヤーフェス(連動),63,202403,900000,453767,446233,0.4958
2038A40002,64,202503,29760000,1190400,28569600,0.96
2038A40007,64,202503,1295000,707397,587603,0.4537
2038A40009,64,202503,17079895,4264850,12815045,0.7503
2038A40011,64,202503,4134820,975268,3159552,0.7641
2038A40014,64,202503,2647269,2932934,-1435135,-0.5421
2038A40015,64,202503,7829679,1352297,6477382,0.8273
2038A40016,64,202503,294942,65520,-224492,-0.7611
2038A40019,64,202503,1043241,155944,887297,0.8505
6兄弟THE LIVE地方(PKG),64,202503,58139316,47556575,10582741,0.182
IP推進部,64,202503,0,0,0,0.0
IP製作グループ,64,202503,0,40157785,-40157785,0.0
LSS,64,202503,9662000,66337335,-137206146,-14.2006
New Gen.THE LIVE(PKG),64,202503,5063403,3276728,1786675,0.3529
New Gen.THE LIVE(出資),64,202503,81842203,64427516,16464518,0.2012
TSUBURAYA CONVENTION2023〈TDCホール〉,64,202503,0,6545,-6545,0.0
TSUBURAYA imagination,64,202503,302534071,183086628,119447443,0.3948
【その他】上映・カラオケ他,64,202503,76267458,20539289,34904682,0.4577
【ビデオグラム】ロイヤリティ,64,202503,45696,21415,24281,0.5314
【ビデオグラム】ロイヤルティ,64,202503,50152604,14039567,36113037,0.7201
【ビデオグラム】円谷発売元　その他,64,202503,59886715,47926123,4564194,0.0762
【ビデオグラム】円谷発売元　バンビ,64,202503,13435000,3322760,-1068701,-0.0795
【ビデオグラム】円谷発売元　東映ビデオ,64,202503,6609000,967787,4884081,0.739
【ビデオグラム】円谷発売元　ﾎﾟﾆｷｬﾝ,64,202503,16689600,3434713,6917072,0.4145
【ビデオグラム】制作系・その他,64,202503,720000,0,720000,1.0
【番販】HD番販,64,202503,56240000,2249600,53990400,0.96
【番販】レギュラー,64,202503,5866000,4483505,1382495,0.2357
【番販】単発企画・その他,64,202503,7630463,653107,6977356,0.9144
【配信】SVOD,64,202503,525949,53561,472388,0.8982
【配信】TVOD,64,202503,15442,1620,13822,0.8951
【配信】その他,64,202503,73710838,235033,73475805,0.9968
【配信】レベニューシェア,64,202503,24115987,13703716,10412271,0.4318
【配信】広告,64,202503,32195210,225119,31970091,0.993
【配信】買取,64,202503,155178907,53136752,102042155,0.6576
かいじゅうSTEPコスチュームパペットリース,64,202503,975000,77659,897341,0.9203
かいじゅうSTEP単発PKG,64,202503,2565218,1353148,1178801,0.4595
その他,64,202503,1197000,672043,423317,0.3536
アセットマネジメントグループ,64,202503,10807904,8562688,2245216,0.2077
ウルトラマン基金,64,202503,0,0,0,0.0
ウルフェス池袋SS,64,202503,296040203,209214975,83596449,0.2824
オフィシャルショップ,64,202503,39479000,19644406,19834594,0.5024
カード事業本部,64,202503,90353968,212157282,-291907891,-3.2307
コスチュームリース,64,202503,63284919,14572602,48712317,0.7697
コーポレートセールス,64,202503,194054400,50166072,143888328,0.7415
ツブコン,64,202503,0,0,-6694300,0.0
ディストリビューション,64,202503,-99167017,-98722707,-444310,0.0045
デジタル企画,64,202503,22104503,506382,21598121,0.9771
ホテルパーティー,64,202503,3534262,1656603,1877659,0.5313
ライセンス,64,202503,657567653,44348189,613219464,0.9326
ライブエンタテインメント,64,202503,-77659,-77659,0,-0.0
ライブエンタテインメントグループ,64,202503,0,0,-745110,0.0
リテール（カード）,64,202503,610487120,134684284,361826363,0.5927
企画展示 その他,64,202503,175197529,177109898,-2507853,-0.0143
単発PKG,64,202503,35998212,16989863,17895292,0.4971
印税収入JASRAC,64,202503,33908427,12092320,21816107,0.6434
印税収入MPA,64,202503,74109,9633,64476,0.87
印税収入iTunes,64,202503,3216633,12829,3203804,0.996
印税収入一般,64,202503,11421831,0,11421831,1.0
印税収入音事協,64,202503,313317,31230,282087,0.9003
商品企画室,64,202503,460365388,255097301,82821504,0.1799
戦略ﾌﾟﾛｼﾞｪｸﾄ,64,202503,-91622656,40872142,-132494798,1.4461
本社共通,64,202503,-205056944,135564258,-340621202,1.6611
海外事業部,64,202503,6306354047,254013263,5999395675,0.9513
社内受注,64,202503,67009259,40092357,5055833,0.0754
福島県・須賀川市,64,202503,50141365,32598481,17513253,0.3493
製作ｸﾞﾙｰﾌﾟ,64,202503,1034432982,964990508,-535824871,-0.518
音楽事業部,64,202503,23743636,30902208,-20462273,-0.8618
ﾃﾞｨｽﾄﾘﾋﾞｭｰｼｮﾝ,64,202503,0,0,-2499000,0.0
ﾋｰﾛｰｽﾞEXPONGW (出資)ソラマチ,64,202503,30604805,19521283,11083522,0.3621
ﾋｰﾛｰｽﾞEXPOニューイヤーフェス,64,202503,149687397,104604182,45083215,0.3012
